Changes made at Sat Aug  9 05:58:18 UTC 2025
Changes made at Sat Aug  9 06:00:13 UTC 2025
Changes made at Sat Aug  9 06:01:25 UTC 2025
Changes made at Sat Aug  9 06:10:34 UTC 2025
Changes made at Sat Aug  9 08:14:07 UTC 2025
Changes made at Sat Aug  9 08:15:15 UTC 2025
Changes made at Sat Aug  9 10:11:03 UTC 2025
Changes made at Sat Aug  9 14:10:13 UTC 2025
Changes made at Sat Aug  9 16:12:55 UTC 2025
Changes made at Sun Aug 10 02:32:48 UTC 2025
Changes made at Sun Aug 10 02:35:21 UTC 2025
Changes made at Sun Aug 10 08:47:18 UTC 2025
Changes made at Sun Aug 10 10:42:43 UTC 2025
Changes made at Sun Aug 10 14:38:59 UTC 2025
Changes made at Sun Aug 10 16:48:42 UTC 2025
Changes made at Mon Aug 11 08:57:01 UTC 2025
Changes made at Mon Aug 11 10:49:54 UTC 2025
Changes made at Mon Aug 11 14:49:20 UTC 2025
Changes made at Mon Aug 11 16:54:53 UTC 2025
Changes made at Tue Aug 12 08:53:25 UTC 2025
Changes made at Tue Aug 12 10:46:04 UTC 2025
Changes made at Tue Aug 12 14:44:20 UTC 2025
Changes made at Tue Aug 12 16:53:35 UTC 2025
Changes made at Wed Aug 13 08:54:44 UTC 2025
Changes made at Wed Aug 13 10:46:28 UTC 2025
Changes made at Wed Aug 13 14:45:55 UTC 2025
Changes made at Wed Aug 13 16:43:05 UTC 2025
Changes made at Thu Aug 14 08:54:35 UTC 2025
Changes made at Thu Aug 14 10:48:02 UTC 2025
Changes made at Thu Aug 14 14:44:14 UTC 2025
Changes made at Thu Aug 14 16:50:48 UTC 2025
Changes made at Fri Aug 15 08:50:36 UTC 2025
Changes made at Fri Aug 15 10:43:29 UTC 2025
Changes made at Fri Aug 15 14:41:34 UTC 2025
Changes made at Fri Aug 15 16:49:44 UTC 2025
Changes made at Sat Aug 16 08:44:23 UTC 2025
Changes made at Sat Aug 16 10:38:51 UTC 2025
Changes made at Sat Aug 16 14:35:17 UTC 2025
Changes made at Sat Aug 16 16:42:43 UTC 2025
Changes made at Sun Aug 17 08:45:09 UTC 2025
Changes made at Sun Aug 17 10:39:56 UTC 2025
Changes made at Sun Aug 17 14:37:29 UTC 2025
Changes made at Sun Aug 17 16:45:32 UTC 2025
Changes made at Mon Aug 18 08:55:10 UTC 2025
Changes made at Mon Aug 18 10:49:00 UTC 2025
Changes made at Mon Aug 18 14:47:29 UTC 2025
Changes made at Mon Aug 18 16:54:06 UTC 2025
Changes made at Tue Aug 19 08:49:44 UTC 2025
Changes made at Tue Aug 19 10:42:25 UTC 2025
Changes made at Tue Aug 19 14:41:53 UTC 2025
Changes made at Tue Aug 19 16:48:00 UTC 2025
Changes made at Wed Aug 20 08:44:37 UTC 2025
Changes made at Wed Aug 20 10:42:23 UTC 2025
Changes made at Wed Aug 20 14:41:44 UTC 2025
Changes made at Wed Aug 20 16:45:53 UTC 2025
Changes made at Thu Aug 21 08:47:51 UTC 2025
Changes made at Thu Aug 21 10:41:46 UTC 2025
Changes made at Thu Aug 21 14:41:53 UTC 2025
Changes made at Fri Aug 22 08:46:38 UTC 2025
Changes made at Fri Aug 22 10:41:02 UTC 2025
Changes made at Fri Aug 22 14:38:52 UTC 2025
Changes made at Fri Aug 22 16:45:01 UTC 2025
Changes made at Sat Aug 23 08:41:50 UTC 2025
Changes made at Sat Aug 23 10:36:38 UTC 2025
Changes made at Sat Aug 23 14:33:24 UTC 2025
Changes made at Sat Aug 23 16:40:36 UTC 2025
Changes made at Sun Aug 24 08:38:52 UTC 2025
Changes made at Sun Aug 24 10:36:53 UTC 2025
Changes made at Sun Aug 24 14:33:47 UTC 2025
Changes made at Sun Aug 24 16:41:43 UTC 2025
Changes made at Mon Aug 25 08:52:56 UTC 2025
Changes made at Mon Aug 25 10:42:25 UTC 2025
Changes made at Mon Aug 25 14:41:34 UTC 2025
Changes made at Mon Aug 25 16:48:36 UTC 2025
Changes made at Tue Aug 26 08:50:49 UTC 2025
Changes made at Tue Aug 26 10:42:46 UTC 2025
Changes made at Tue Aug 26 14:38:59 UTC 2025
Changes made at Tue Aug 26 16:44:33 UTC 2025
Changes made at Wed Aug 27 08:44:36 UTC 2025
Changes made at Wed Aug 27 10:38:51 UTC 2025
Changes made at Wed Aug 27 14:39:09 UTC 2025
Changes made at Wed Aug 27 16:45:00 UTC 2025
Changes made at Thu Aug 28 08:44:58 UTC 2025
Changes made at Thu Aug 28 10:39:30 UTC 2025
Changes made at Thu Aug 28 14:40:06 UTC 2025
Changes made at Thu Aug 28 16:44:34 UTC 2025
Changes made at Fri Aug 29 08:43:25 UTC 2025
Changes made at Fri Aug 29 10:38:49 UTC 2025
Changes made at Fri Aug 29 14:37:36 UTC 2025
Changes made at Fri Aug 29 16:43:51 UTC 2025
Changes made at Sat Aug 30 08:38:13 UTC 2025
Changes made at Sat Aug 30 10:32:46 UTC 2025
Changes made at Sat Aug 30 14:29:56 UTC 2025
Changes made at Sat Aug 30 16:38:18 UTC 2025
Changes made at Sun Aug 31 08:36:51 UTC 2025
Changes made at Sun Aug 31 10:32:59 UTC 2025
Changes made at Sun Aug 31 14:30:49 UTC 2025
Changes made at Sun Aug 31 16:39:08 UTC 2025
Changes made at Mon Sep  1 08:49:46 UTC 2025
Changes made at Mon Sep  1 10:42:15 UTC 2025
Changes made at Mon Sep  1 14:38:00 UTC 2025
Changes made at Mon Sep  1 16:42:05 UTC 2025
Changes made at Tue Sep  2 08:47:44 UTC 2025
Changes made at Tue Sep  2 10:39:46 UTC 2025
Changes made at Tue Sep  2 14:40:56 UTC 2025
Changes made at Tue Sep  2 16:45:51 UTC 2025
Changes made at Wed Sep  3 08:41:41 UTC 2025
Changes made at Wed Sep  3 10:36:19 UTC 2025
Changes made at Wed Sep  3 14:37:47 UTC 2025
Changes made at Wed Sep  3 16:42:29 UTC 2025
Changes made at Thu Sep  4 08:41:49 UTC 2025
Changes made at Thu Sep  4 10:36:46 UTC 2025
Changes made at Thu Sep  4 14:37:59 UTC 2025
Changes made at Thu Sep  4 16:43:14 UTC 2025
Changes made at Fri Sep  5 08:41:51 UTC 2025
Changes made at Fri Sep  5 10:38:06 UTC 2025
Changes made at Fri Sep  5 14:34:18 UTC 2025
Changes made at Fri Sep  5 16:39:12 UTC 2025
Changes made at Sat Sep  6 08:33:48 UTC 2025
Changes made at Sat Sep  6 10:31:09 UTC 2025
Changes made at Sat Sep  6 14:28:01 UTC 2025
Changes made at Sat Sep  6 16:35:42 UTC 2025
Changes made at Sun Sep  7 08:33:44 UTC 2025
Changes made at Sun Sep  7 10:32:03 UTC 2025
Changes made at Sun Sep  7 14:28:35 UTC 2025
Changes made at Sun Sep  7 16:35:49 UTC 2025
Changes made at Mon Sep  8 08:48:21 UTC 2025
Changes made at Mon Sep  8 10:40:27 UTC 2025
Changes made at Mon Sep  8 14:40:29 UTC 2025
Changes made at Mon Sep  8 16:43:39 UTC 2025
Changes made at Tue Sep  9 08:46:44 UTC 2025
Changes made at Tue Sep  9 10:12:17 UTC 2025
Changes made at Tue Sep  9 14:09:03 UTC 2025
Changes made at Tue Sep  9 16:12:59 UTC 2025
Changes made at Wed Sep 10 08:14:40 UTC 2025
Changes made at Wed Sep 10 10:10:57 UTC 2025
Changes made at Wed Sep 10 14:10:36 UTC 2025
Changes made at Wed Sep 10 16:12:56 UTC 2025
Changes made at Thu Sep 11 08:14:42 UTC 2025
Changes made at Thu Sep 11 10:10:51 UTC 2025
Changes made at Thu Sep 11 14:11:20 UTC 2025
Changes made at Thu Sep 11 16:12:39 UTC 2025
Changes made at Fri Sep 12 08:13:59 UTC 2025
Changes made at Fri Sep 12 10:11:09 UTC 2025
Changes made at Fri Sep 12 14:10:22 UTC 2025
Changes made at Fri Sep 12 16:10:40 UTC 2025
Changes made at Sat Sep 13 08:12:37 UTC 2025
Changes made at Sat Sep 13 10:09:28 UTC 2025
Changes made at Sat Sep 13 14:07:56 UTC 2025
Changes made at Sat Sep 13 16:10:34 UTC 2025
Changes made at Sun Sep 14 08:12:40 UTC 2025
Changes made at Sun Sep 14 10:09:18 UTC 2025
Changes made at Sun Sep 14 14:08:20 UTC 2025
Changes made at Sun Sep 14 16:10:24 UTC 2025
Changes made at Mon Sep 15 08:15:23 UTC 2025
Changes made at Mon Sep 15 10:11:57 UTC 2025
Changes made at Mon Sep 15 14:11:43 UTC 2025
Changes made at Mon Sep 15 16:13:14 UTC 2025
Changes made at Tue Sep 16 08:15:17 UTC 2025
Changes made at Tue Sep 16 10:11:44 UTC 2025
Changes made at Tue Sep 16 14:11:23 UTC 2025
Changes made at Tue Sep 16 16:13:07 UTC 2025
Changes made at Wed Sep 17 08:14:24 UTC 2025
Changes made at Wed Sep 17 10:10:47 UTC 2025
Changes made at Wed Sep 17 14:10:47 UTC 2025
Changes made at Wed Sep 17 16:13:27 UTC 2025
Changes made at Thu Sep 18 08:14:18 UTC 2025
Changes made at Thu Sep 18 10:11:01 UTC 2025
Changes made at Thu Sep 18 14:11:30 UTC 2025
Changes made at Thu Sep 18 16:12:28 UTC 2025
Changes made at Fri Sep 19 08:14:28 UTC 2025
Changes made at Fri Sep 19 10:12:26 UTC 2025
Changes made at Fri Sep 19 14:10:49 UTC 2025
Changes made at Fri Sep 19 16:12:25 UTC 2025
Changes made at Sat Sep 20 08:13:10 UTC 2025
Changes made at Sat Sep 20 10:10:08 UTC 2025
Changes made at Sat Sep 20 14:08:39 UTC 2025
Changes made at Sat Sep 20 16:11:33 UTC 2025
Changes made at Sun Sep 21 08:12:17 UTC 2025
Changes made at Sun Sep 21 10:09:55 UTC 2025
Changes made at Sun Sep 21 14:08:28 UTC 2025
Changes made at Sun Sep 21 16:11:23 UTC 2025
Changes made at Mon Sep 22 08:15:40 UTC 2025
Changes made at Mon Sep 22 10:12:42 UTC 2025
Changes made at Mon Sep 22 14:11:54 UTC 2025
Changes made at Mon Sep 22 16:13:15 UTC 2025
Changes made at Tue Sep 23 08:14:42 UTC 2025
Changes made at Tue Sep 23 10:11:40 UTC 2025
Changes made at Tue Sep 23 14:11:10 UTC 2025
Changes made at Tue Sep 23 16:13:31 UTC 2025
Changes made at Wed Sep 24 08:15:12 UTC 2025
Changes made at Wed Sep 24 10:12:02 UTC 2025
Changes made at Wed Sep 24 14:09:55 UTC 2025
Changes made at Wed Sep 24 16:13:38 UTC 2025
Changes made at Thu Sep 25 08:14:51 UTC 2025
Changes made at Thu Sep 25 10:12:00 UTC 2025
Changes made at Thu Sep 25 14:11:17 UTC 2025
Changes made at Thu Sep 25 16:13:03 UTC 2025
Changes made at Fri Sep 26 08:15:44 UTC 2025
Changes made at Fri Sep 26 10:11:14 UTC 2025
Changes made at Fri Sep 26 14:09:33 UTC 2025
Changes made at Fri Sep 26 16:12:51 UTC 2025
Changes made at Sat Sep 27 08:12:33 UTC 2025
Changes made at Sat Sep 27 10:09:32 UTC 2025
Changes made at Sat Sep 27 14:08:34 UTC 2025
Changes made at Sat Sep 27 16:11:32 UTC 2025
Changes made at Sun Sep 28 08:12:48 UTC 2025
Changes made at Sun Sep 28 10:09:51 UTC 2025
Changes made at Sun Sep 28 14:07:59 UTC 2025
Changes made at Sun Sep 28 16:11:08 UTC 2025
Changes made at Mon Sep 29 08:16:24 UTC 2025
Changes made at Mon Sep 29 10:12:26 UTC 2025
Changes made at Mon Sep 29 14:11:27 UTC 2025
Changes made at Mon Sep 29 16:11:08 UTC 2025
Changes made at Tue Sep 30 08:16:03 UTC 2025
Changes made at Tue Sep 30 10:11:56 UTC 2025
Changes made at Tue Sep 30 14:11:28 UTC 2025
Changes made at Tue Sep 30 16:13:38 UTC 2025
Changes made at Wed Oct  1 08:15:11 UTC 2025
Changes made at Wed Oct  1 10:11:59 UTC 2025
Changes made at Wed Oct  1 14:11:05 UTC 2025
Changes made at Wed Oct  1 16:13:33 UTC 2025
Changes made at Thu Oct  2 08:14:41 UTC 2025
Changes made at Thu Oct  2 10:11:01 UTC 2025
Changes made at Thu Oct  2 14:10:45 UTC 2025
Changes made at Thu Oct  2 16:12:44 UTC 2025
Changes made at Fri Oct  3 08:14:06 UTC 2025
Changes made at Fri Oct  3 10:11:29 UTC 2025
Changes made at Fri Oct  3 14:10:17 UTC 2025
Changes made at Fri Oct  3 16:12:26 UTC 2025
Changes made at Sat Oct  4 08:12:47 UTC 2025
Changes made at Sat Oct  4 10:09:39 UTC 2025
Changes made at Sat Oct  4 14:08:18 UTC 2025
Changes made at Sat Oct  4 16:11:16 UTC 2025
Changes made at Sun Oct  5 08:12:23 UTC 2025
Changes made at Sun Oct  5 10:10:02 UTC 2025
Changes made at Sun Oct  5 14:08:19 UTC 2025
Changes made at Sun Oct  5 16:11:14 UTC 2025
Changes made at Mon Oct  6 08:15:19 UTC 2025
Changes made at Mon Oct  6 10:12:10 UTC 2025
Changes made at Mon Oct  6 14:11:06 UTC 2025
Changes made at Mon Oct  6 16:13:14 UTC 2025
Changes made at Tue Oct  7 08:15:32 UTC 2025
Changes made at Tue Oct  7 10:11:30 UTC 2025
Changes made at Tue Oct  7 14:11:41 UTC 2025
Changes made at Tue Oct  7 16:13:15 UTC 2025
Changes made at Wed Oct  8 08:15:37 UTC 2025
Changes made at Wed Oct  8 10:11:41 UTC 2025
Changes made at Wed Oct  8 14:11:21 UTC 2025
Changes made at Wed Oct  8 16:13:33 UTC 2025
Changes made at Thu Oct  9 08:14:52 UTC 2025
Changes made at Thu Oct  9 10:12:17 UTC 2025
Changes made at Thu Oct  9 14:11:06 UTC 2025
Changes made at Thu Oct  9 16:14:59 UTC 2025
Changes made at Fri Oct 10 08:15:12 UTC 2025
Changes made at Fri Oct 10 10:12:03 UTC 2025
Changes made at Fri Oct 10 14:10:51 UTC 2025
Changes made at Fri Oct 10 16:13:29 UTC 2025
Changes made at Sat Oct 11 08:12:48 UTC 2025
Changes made at Sat Oct 11 10:09:45 UTC 2025
Changes made at Sat Oct 11 14:07:55 UTC 2025
Changes made at Sat Oct 11 16:10:56 UTC 2025
Changes made at Sun Oct 12 08:12:49 UTC 2025
Changes made at Sun Oct 12 10:09:45 UTC 2025
Changes made at Sun Oct 12 14:08:25 UTC 2025
Changes made at Sun Oct 12 16:11:16 UTC 2025
Changes made at Mon Oct 13 08:16:20 UTC 2025
Changes made at Mon Oct 13 10:13:07 UTC 2025
Changes made at Mon Oct 13 14:11:17 UTC 2025
Changes made at Mon Oct 13 16:13:30 UTC 2025
Changes made at Tue Oct 14 08:13:47 UTC 2025
Changes made at Tue Oct 14 10:12:00 UTC 2025
Changes made at Tue Oct 14 14:11:35 UTC 2025
Changes made at Tue Oct 14 16:13:41 UTC 2025
Changes made at Wed Oct 15 08:15:39 UTC 2025
Changes made at Wed Oct 15 10:12:33 UTC 2025
Changes made at Wed Oct 15 14:11:50 UTC 2025
Changes made at Wed Oct 15 16:14:49 UTC 2025
Changes made at Thu Oct 16 08:15:58 UTC 2025
Changes made at Thu Oct 16 10:12:45 UTC 2025
Changes made at Thu Oct 16 14:11:30 UTC 2025
Changes made at Thu Oct 16 16:14:21 UTC 2025
Changes made at Fri Oct 17 08:15:48 UTC 2025
Changes made at Fri Oct 17 10:12:08 UTC 2025
Changes made at Fri Oct 17 14:10:51 UTC 2025
Changes made at Fri Oct 17 16:13:13 UTC 2025
Changes made at Sat Oct 18 08:13:18 UTC 2025
Changes made at Sat Oct 18 10:10:06 UTC 2025
Changes made at Sat Oct 18 14:08:35 UTC 2025
Changes made at Sat Oct 18 16:11:41 UTC 2025
Changes made at Sun Oct 19 08:12:43 UTC 2025
Changes made at Sun Oct 19 10:10:09 UTC 2025
Changes made at Sun Oct 19 14:08:37 UTC 2025
Changes made at Sun Oct 19 16:11:39 UTC 2025
Changes made at Mon Oct 20 08:15:45 UTC 2025
Changes made at Mon Oct 20 10:12:35 UTC 2025
Changes made at Mon Oct 20 14:10:39 UTC 2025
Changes made at Mon Oct 20 16:13:40 UTC 2025
Changes made at Tue Oct 21 08:16:00 UTC 2025
Changes made at Tue Oct 21 10:12:02 UTC 2025
Changes made at Tue Oct 21 14:10:41 UTC 2025
Changes made at Tue Oct 21 16:14:37 UTC 2025
Changes made at Wed Oct 22 08:17:08 UTC 2025
Changes made at Wed Oct 22 10:12:52 UTC 2025
Changes made at Wed Oct 22 14:12:29 UTC 2025
Changes made at Wed Oct 22 16:14:33 UTC 2025
Changes made at Thu Oct 23 08:15:44 UTC 2025
Changes made at Thu Oct 23 10:12:33 UTC 2025
Changes made at Thu Oct 23 14:11:41 UTC 2025
Changes made at Thu Oct 23 16:13:49 UTC 2025
Changes made at Fri Oct 24 08:15:08 UTC 2025
Changes made at Fri Oct 24 10:12:39 UTC 2025
Changes made at Fri Oct 24 14:11:25 UTC 2025
Changes made at Fri Oct 24 16:13:40 UTC 2025
Changes made at Sat Oct 25 08:12:46 UTC 2025
Changes made at Sat Oct 25 10:09:57 UTC 2025
Changes made at Sat Oct 25 14:08:47 UTC 2025
Changes made at Sat Oct 25 16:11:43 UTC 2025
Changes made at Sun Oct 26 08:13:20 UTC 2025
Changes made at Sun Oct 26 10:10:10 UTC 2025
Changes made at Sun Oct 26 14:08:50 UTC 2025
Changes made at Sun Oct 26 16:11:50 UTC 2025
Changes made at Mon Oct 27 08:16:21 UTC 2025
Changes made at Mon Oct 27 10:14:05 UTC 2025
Changes made at Mon Oct 27 14:11:36 UTC 2025
Changes made at Mon Oct 27 16:14:16 UTC 2025
Changes made at Tue Oct 28 08:15:26 UTC 2025
Changes made at Tue Oct 28 10:12:42 UTC 2025
Changes made at Tue Oct 28 14:11:34 UTC 2025
Changes made at Tue Oct 28 16:14:30 UTC 2025
Changes made at Wed Oct 29 08:15:41 UTC 2025
Changes made at Wed Oct 29 10:12:42 UTC 2025
Changes made at Wed Oct 29 14:11:40 UTC 2025
Changes made at Wed Oct 29 16:14:40 UTC 2025
Changes made at Thu Oct 30 08:14:53 UTC 2025
Changes made at Thu Oct 30 10:12:13 UTC 2025
Changes made at Thu Oct 30 14:10:34 UTC 2025
Changes made at Thu Oct 30 16:14:33 UTC 2025
Changes made at Fri Oct 31 08:14:49 UTC 2025
Changes made at Fri Oct 31 10:12:06 UTC 2025
Changes made at Fri Oct 31 14:11:36 UTC 2025
Changes made at Fri Oct 31 16:13:43 UTC 2025
Changes made at Sat Nov  1 08:12:53 UTC 2025
Changes made at Sat Nov  1 10:10:14 UTC 2025
Changes made at Sat Nov  1 14:08:34 UTC 2025
Changes made at Sat Nov  1 16:11:00 UTC 2025
Changes made at Sun Nov  2 08:12:27 UTC 2025
Changes made at Sun Nov  2 10:09:59 UTC 2025
Changes made at Sun Nov  2 14:08:43 UTC 2025
Changes made at Sun Nov  2 16:11:09 UTC 2025
Changes made at Mon Nov  3 08:16:42 UTC 2025
Changes made at Mon Nov  3 10:13:49 UTC 2025
Changes made at Mon Nov  3 14:11:20 UTC 2025
Changes made at Mon Nov  3 16:13:50 UTC 2025
Changes made at Tue Nov  4 08:16:00 UTC 2025
Changes made at Tue Nov  4 10:13:18 UTC 2025
Changes made at Tue Nov  4 14:11:45 UTC 2025
Changes made at Tue Nov  4 16:14:39 UTC 2025
Changes made at Wed Nov  5 08:15:30 UTC 2025
Changes made at Wed Nov  5 10:13:19 UTC 2025
Changes made at Wed Nov  5 14:11:34 UTC 2025
Changes made at Wed Nov  5 16:14:25 UTC 2025
Changes made at Thu Nov  6 08:15:40 UTC 2025
Changes made at Thu Nov  6 10:13:34 UTC 2025
Changes made at Thu Nov  6 14:11:54 UTC 2025
Changes made at Thu Nov  6 16:14:26 UTC 2025
Changes made at Fri Nov  7 08:15:50 UTC 2025
Changes made at Fri Nov  7 10:12:42 UTC 2025
Changes made at Fri Nov  7 14:10:49 UTC 2025
Changes made at Fri Nov  7 16:11:26 UTC 2025
